{
  "type": "ecmascript",
  "id": "kinox.to",
  "file": "kinox.js",
  "category": "video",
  "showtimeVersion": "4.3.167",
  "version": "0.2",
  "author": "BuXXe (@dieBuXXe)",
  "title": "kinox.to",
  "icon": "kinox.png",
  "synopsis": "Movian plugin to watch kinox.to streams",
  "description":"<p>kinox.to Movian plugin allows the integration of kinox.to streams into Movian. kinox.to offers stream for movies and series (mostly german and english). If you encounter problems, leave a note at the github. Visit at: https://github.com/BuXXe/movian-kinox-plugin</p>",
  "homepage":"https://github.com/BuXXe/movian-kinox-plugin"
}
